account_no,tx_count,total_amount
0,16,9224.47
0,33,9582.38
0,38,9692.44
0,40,186.2
0,46,7279.74
0,18,9472.54
0,13,4492.03
0,30,8673.02
0,10,2193.64
0,26,6008.39
0,50,5826.46
0,49,1818.84
0,42,5108.05
0,10,7241.87
0,21,9223.52
0,38,5905.96
0,14,3782.11
0,8,1085.7
0,12,5227.11
0,32,6843.68
0,9,6055.11
0,11,4758.69
0,39,5998.14
0,50,5314.3
0,48,1175.16
0,30,6593.93
0,38,5392.86
0,0,8969.69
0,49,6785.59
0,27,5220.44
0,23,8748.24
0,44,5298.17
0,14,9384.22
0,30,7895.56
0,24,3505.18
0,47,9078.59
0,44,5761.21
0,27,1338.83
0,30,7658.59
0,5,2832.67
0,34,4086.47
0,12,54.69
0,47,7894.22
0,36,5225.41
0,33,71.94
0,41,2054.19
0,20,4088.45
0,6,1547.79
0,41,5853.7
0,16,8549.77
