customer_id,phone,email,stage
id_0001,dummy_0001,dummy_0001@example.com,won
id_0002,dummy_0002,dummy_0002@example.com,new
id_0003,dummy_0003,dummy_0003@example.com,won
id_0004,dummy_0004,dummy_0004@example.com,won
id_0005,dummy_0005,dummy_0005@example.com,qualified
id_0006,dummy_0006,dummy_0006@example.com,lost
id_0007,dummy_0007,dummy_0007@example.com,lost
id_0008,dummy_0008,dummy_0008@example.com,won
id_0009,dummy_0009,dummy_0009@example.com,new
id_0010,dummy_0010,dummy_0010@example.com,won
id_0011,dummy_0011,dummy_0011@example.com,lost
id_0012,dummy_0012,dummy_0012@example.com,qualified
id_0013,dummy_0013,dummy_0013@example.com,lost
id_0014,dummy_0014,dummy_0014@example.com,won
id_0015,dummy_0015,dummy_0015@example.com,won
id_0016,dummy_0016,dummy_0016@example.com,lost
id_0017,dummy_0017,dummy_0017@example.com,lost
id_0018,dummy_0018,dummy_0018@example.com,new
id_0019,dummy_0019,dummy_0019@example.com,qualified
id_0020,dummy_0020,dummy_0020@example.com,lost
id_0021,dummy_0021,dummy_0021@example.com,qualified
id_0022,dummy_0022,dummy_0022@example.com,qualified
id_0023,dummy_0023,dummy_0023@example.com,new
id_0024,dummy_0024,dummy_0024@example.com,won
id_0025,dummy_0025,dummy_0025@example.com,qualified
id_0026,dummy_0026,dummy_0026@example.com,qualified
id_0027,dummy_0027,dummy_0027@example.com,qualified
id_0028,dummy_0028,dummy_0028@example.com,qualified
id_0029,dummy_0029,dummy_0029@example.com,won
id_0030,dummy_0030,dummy_0030@example.com,new
id_0031,dummy_0031,dummy_0031@example.com,qualified
id_0032,dummy_0032,dummy_0032@example.com,lost
id_0033,dummy_0033,dummy_0033@example.com,won
id_0034,dummy_0034,dummy_0034@example.com,new
id_0035,dummy_0035,dummy_0035@example.com,lost
id_0036,dummy_0036,dummy_0036@example.com,lost
id_0037,dummy_0037,dummy_0037@example.com,lost
id_0038,dummy_0038,dummy_0038@example.com,qualified
id_0039,dummy_0039,dummy_0039@example.com,qualified
id_0040,dummy_0040,dummy_0040@example.com,lost
id_0041,dummy_0041,dummy_0041@example.com,new
id_0042,dummy_0042,dummy_0042@example.com,qualified
id_0043,dummy_0043,dummy_0043@example.com,new
id_0044,dummy_0044,dummy_0044@example.com,qualified
id_0045,dummy_0045,dummy_0045@example.com,qualified
id_0046,dummy_0046,dummy_0046@example.com,qualified
id_0047,dummy_0047,dummy_0047@example.com,new
id_0048,dummy_0048,dummy_0048@example.com,qualified
id_0049,dummy_0049,dummy_0049@example.com,new
id_0050,dummy_0050,dummy_0050@example.com,qualified
